compound,k_per_day,half_life_days,r_squared
Hexadecane,0.25570464935964055,2.7107335838272366,0.657730165141624
Phenanthrene,0.08476863766221515,8.176929577681644,0.9873598205441657
